path	lines	bytes
archive/intermediate_research/ROM_3.2h5a.pine	2965	231738
archive/intermediate_research/ROM_3.2h5b.pine	2994	234236
archive/intermediate_research/ROM_3.2h5c.pine	2955	233135
archive/intermediate_research/ROM_3.2h5d.pine	2961	233540
archive/intermediate_research/ROM_3.2h5e.pine	3076	242631
archive/intermediate_research/ROM_3.2h5g.pine	3333	263029
archive/intermediate_research/ROM_3.2h5g1I2_FAIR_INTRADAY_FIXED.pine	3124	232373
archive/intermediate_research/ROM_3.2h5g1I_FAIR_INTRADAY.pine	3116	231701
archive/intermediate_research/ROM_3.2h5g1M2_FAIR_MICRO_FIXED.pine	3124	232352
archive/intermediate_research/ROM_3.2h5g1M_FAIR_MICRO.pine	3116	231680
archive/intermediate_research/ROM_3.2h5g1X2_FAIR_MACRO_FIXED.pine	3124	232359
archive/intermediate_research/ROM_3.2h5g1X_FAIR_MACRO.pine	3116	231687
archive/intermediate_research/ROM_3.2h5g1_PV1_INTRADAY.pine	590	36550
archive/intermediate_research/ROM_3.2h5g1_PV1_MACRO.pine	590	36545
archive/intermediate_research/ROM_3.2h5g1_PV1_MICRO.pine	590	36545
archive/intermediate_research/ROM_3.2h5g1_PV1a_INTRADAY.pine	590	36609
archive/intermediate_research/ROM_3.2h5g1_PV1a_MACRO.pine	590	36604
archive/intermediate_research/ROM_3.2h5g1_PV1a_MICRO.pine	590	36604
src/evolution/Rain_On_Me_INFINITY_V3.0a_PHI_Foundation.pine	518	35000
src/evolution/Rain_On_Me_INFINITY_V3.0b1_PHI_Spectral_Resonance.pine	736	51524
src/evolution/Rain_On_Me_INFINITY_V3.0b_PHI_Resonance_Field.pine	709	49993
src/evolution/Rain_On_Me_INFINITY_V3.0c_PHI_Signal_Council.pine	835	60173
src/evolution/Rain_On_Me_INFINITY_V3.0d1_Dashboard_Intelligence.pine	1217	88123
src/evolution/Rain_On_Me_INFINITY_V3.0d_Research_And_Beauty.pine	1108	77514
src/evolution/Rain_On_Me_INFINITY_V3.1a_Evidence_Calibration.pine	1439	106938
src/evolution/Rain_On_Me_INFINITY_V3.1b_Calibration_Integrity.pine	1465	109353
src/evolution/Rain_On_Me_INFINITY_V3.2a_Adaptive_Edge_Router.pine	1575	118419
src/evolution/Rain_On_Me_INFINITY_V3.2b_Router_Auditor.pine	1895	146258
src/evolution/Rain_On_Me_INFINITY_V3.2c_Outcome_Integrity.pine	2002	154474
src/evolution/Rain_On_Me_INFINITY_V3.2d_Ordered_First_Passage.pine	2034	157443
src/evolution/Rain_On_Me_INFINITY_V3.2e1_Time_Safe_Drawings.pine	2173	170472
src/evolution/Rain_On_Me_INFINITY_V3.2e_Forecast_Skill.pine	2164	169939
src/golden/Rain_On_Me_INFINITY_V3.2f_Hierarchical_Calibration.pine	2223	175623
src/research/adaptive_labs/Rain_On_Me_INFINITY_V3.2g1_Factorial_Adaptive_Lab.pine	2435	196363
src/research/adaptive_labs/Rain_On_Me_INFINITY_V3.2g_Adaptive_Regime_Lab.pine	2367	189957
src/research/reaction_labs/ROM_3.2h5.pine	2939	232150
src/research/reaction_labs/ROM_3.2h5f.pine	3185	252625
src/research/reaction_labs/ROM_3.2h5g1.pine	3057	226405
src/research/scale_packs/ROM_3.2h5g1I3_FAIR_INTRADAY_SWITCHFIX.pine	3150	234019
src/research/scale_packs/ROM_3.2h5g1M3_FAIR_MICRO_SWITCHFIX.pine	3150	233995
src/research/scale_packs/ROM_3.2h5g1X3_FAIR_MACRO_SWITCHFIX.pine	3150	234002
src/research/scale_packs/ROM_3.2h5g1_PV2_INTRADAY.pine	619	37863
src/research/scale_packs/ROM_3.2h5g1_PV2_MACRO.pine	619	37858
src/research/scale_packs/ROM_3.2h5g1_PV2_MICRO.pine	619	37858
src/research/structural_phi/ROM_3.2h1.pine	2408	192265
src/research/structural_phi/ROM_3.2h2.pine	2435	194814
src/research/structural_phi/ROM_3.2h3.pine	2460	197132
src/research/structural_phi/ROM_3.2h4.pine	2512	199404
